del_start,del_end,del_size,FWD_spacer,RVS_spacer,FWD_PBS,FWD_PBS_length,RVS_PBS,RVS_PBS_length,FWD_RTT,FWD_RTT_length,RVS_RTT,RVS_RTT_length,PAIR_product_DeepPE,PAIR_sum_CFDscore,FWD_DeepPE,RVS_DeepPE,FWD_DeepSpCas9,RVS_DeepSpCas9,FWD_CFDscore,RVS_CFDscore,FWD_MITscore,RVS_MITscore,FWD_mismatch_hit,RVS_mismatch_hit,FWD_poly_T_4,RVS_poly_T_4,FWD_SpacerGC_25_75,RVS_SpacerGC_25_75,FWD_PBS_GC_30_60,RVS_PBS_GC_30_60,FWD_PBS_RTT_GCrich,RVS_PBS_RTT_GCrich
795,1203,409,TTCACAGGCTCCACTGAGATTGG,TGCACATCTCCAAACACAGTGGG,TCAGTGGAGCC,11,TCTCCAAACAC,11,GGTCATGCCATCCTGCACATCTCCAAACAC,30,TCAGTGGAGCCTGTGAATGCCACTTTGTCC,30,70.38532002710235,1.8240632216919133,10.878063201904297,6.470390796661377,49.498512268066406,64.73689270019531,0.8842816206227087,0.9397816010692046,99.13305418949552,99.576978868268,"0,0,0,0,3","0,0,0,0,2",OK,OK,OK,OK,FLAG,OK,FLAG,FLAG
795,1291,497,TTCACAGGCTCCACTGAGATTGG,TCTCCCAACAACCTCCTCTATGG,TCAGTGGAGCC,11,AACAACCTCCT,11,TGGAATTGTTGGCTCTCCCAACAACCTCCT,30,TCAGTGGAGCCTGTGAATGCCACTTTGTCC,30,63.078401929986285,1.6996293425011388,12.772602081298828,4.938570976257324,49.498512268066406,41.85260009765625,0.8842816206227087,0.8153477218784302,99.13305418949552,99.93427764054942,"0,0,0,0,3","0,0,0,0,1",OK,OK,OK,OK,FLAG,OK,FLAG,FLAG
755,1203,449,GGCCGCCATTGCCTCCCATGAGG,TGCACATCTCCAAACACAGTGGG,GGGAGGCAATG,11,TCTCCAAACAC,11,GGTCATGCCATCCTGCACATCTCCAAACAC,30,GGGAGGCAATGGCGGCCCCAGCCGTGGGGC,30,55.48760253461569,1.8898245241737404,9.457036972045898,5.867334842681885,65.81204223632812,64.73689270019531,0.9500429231045356,0.9397816010692046,99.94453552327305,99.576978868268,"0,0,0,0,2","0,0,0,0,2",OK,OK,OK,OK,FLAG,OK,FLAG,FLAG
795,1237,443,TTCACAGGCTCCACTGAGATTGG,GAAGATCTCCTCCTTGGCGATGG,TCAGTGGAGCC,11,CTCCTCCTTGG,11,GCATCACTGGCCCGAAGATCTCCTCCTTGG,30,TCAGTGGAGCCTGTGAATGCCACTTTGTCC,30,54.51269848104312,1.8635659897475976,9.436923027038574,5.776533126831055,49.498512268066406,40.069679260253906,0.8842816206227087,0.979284369124889,99.13305418949552,99.8242895320454,"0,0,0,0,3","0,0,0,1,0",OK,OK,OK,OK,FLAG,FLAG,FLAG,FLAG
720,1203,484,GTCAACATTGTGCCTGGATTTGG,TGCACATCTCCAAACACAGTGGG,CCAGGCACAAT,11,TCTCCAAACAC,11,GGTCATGCCATCCTGCACATCTCCAAACAC,30,CCAGGCACAATGTTGACCACACCAGGGGGA,30,40.62414456213901,1.820154464859706,4.793858528137207,8.47420597076416,44.301658630371094,64.73689270019531,0.8803728637905012,0.9397816010692046,99.94813035824872,99.576978868268,"0,0,0,0,3","0,0,0,0,2",OK,OK,OK,OK,OK,OK,FLAG,FLAG
755,1237,483,GGCCGCCATTGCCTCCCATGAGG,GAAGATCTCCTCCTTGGCGATGG,GGGAGGCAATG,11,CTCCTCCTTGG,11,GCATCACTGGCCCGAAGATCTCCTCCTTGG,30,GGGAGGCAATGGCGGCCCCAGCCGTGGGGC,30,37.15180341323867,1.9293272922294247,7.345557689666748,5.0577239990234375,65.81204223632812,40.069679260253906,0.9500429231045356,0.979284369124889,99.94453552327305,99.8242895320454,"0,0,0,0,2","0,0,0,1,0",OK,OK,OK,OK,FLAG,FLAG,FLAG,FLAG
795,1204,410,TTCACAGGCTCCACTGAGATTGG,CTGCACATCTCCAAACACAGTGG,TCAGTGGAGCC,11,ATCTCCAAACA,11,TGGTCATGCCATCCTGCACATCTCCAAACA,30,TCAGTGGAGCCTGTGAATGCCACTTTGTCC,30,27.386572455855458,1.7204145060284788,12.378360748291016,2.2124555110931396,49.498512268066406,65.25373840332031,0.8842816206227087,0.8361328854057701,99.13305418949552,98.90756832500858,"0,0,0,0,3","0,0,0,0,2",OK,OK,OK,OK,FLAG,OK,FLAG,FLAG
720,1237,518,GTCAACATTGTGCCTGGATTTGG,GAAGATCTCCTCCTTGGCGATGG,CCAGGCACAAT,11,CTCCTCCTTGG,11,GCATCACTGGCCCGAAGATCTCCTCCTTGG,30,CCAGGCACAATGTTGACCACACCAGGGGGA,30,24.44152892636521,1.8596572329153902,3.236300468444824,7.552305221557617,44.301658630371094,40.069679260253906,0.8803728637905012,0.979284369124889,99.94813035824872,99.8242895320454,"0,0,0,0,3","0,0,0,1,0",OK,OK,OK,OK,OK,FLAG,FLAG,FLAG
755,1291,537,GGCCGCCATTGCCTCCCATGAGG,TCTCCCAACAACCTCCTCTATGG,GGGAGGCAATG,11,AACAACCTCCT,11,TGGAATTGTTGGCTCTCCCAACAACCTCCT,30,GGGAGGCAATGGCGGCCCCAGCCGTGGGGC,30,14.272317691194985,1.7653906449829657,11.518892288208008,1.2390356063842773,65.81204223632812,41.85260009765625,0.9500429231045356,0.8153477218784302,99.94453552327305,99.93427764054942,"0,0,0,0,2","0,0,0,0,1",OK,OK,OK,OK,FLAG,OK,FLAG,FLAG
720,1204,485,GTCAACATTGTGCCTGGATTTGG,CTGCACATCTCCAAACACAGTGG,CCAGGCACAAT,11,ATCTCCAAACA,11,TGGTCATGCCATCCTGCACATCTCCAAACA,30,CCAGGCACAATGTTGACCACACCAGGGGGA,30,13.668492735333075,1.7165057491962714,6.014228343963623,2.2726926803588867,44.301658630371094,65.25373840332031,0.8803728637905012,0.8361328854057701,99.94813035824872,98.90756832500858,"0,0,0,0,3","0,0,0,0,2",OK,OK,OK,OK,OK,OK,FLAG,FLAG
755,1204,450,GGCCGCCATTGCCTCCCATGAGG,CTGCACATCTCCAAACACAGTGG,GGGAGGCAATG,11,ATCTCCAAACA,11,TGGTCATGCCATCCTGCACATCTCCAAACA,30,GGGAGGCAATGGCGGCCCCAGCCGTGGGGC,30,11.149712051356119,1.7861758085103059,11.01063346862793,1.0126312971115112,65.81204223632812,65.25373840332031,0.9500429231045356,0.8361328854057701,99.94453552327305,98.90756832500858,"0,0,0,0,2","0,0,0,0,2",OK,OK,OK,OK,FLAG,OK,FLAG,FLAG
795,1199,405,TTCACAGGCTCCACTGAGATTGG,CATCTCCAAACACAGTGGGCTGG,TCAGTGGAGCC,11,CAAACACAGTG,11,ATGCCATCCTGCACATCTCCAAACACAGTG,30,TCAGTGGAGCCTGTGAATGCCACTTTGTCC,30,7.794770284848482,1.7675950188398255,11.182310104370117,0.697062611579895,49.498512268066406,40.46572494506836,0.8842816206227087,0.8833133982171169,99.13305418949552,99.14184833688088,"0,0,0,0,3","0,0,0,0,4",OK,OK,OK,OK,FLAG,OK,FLAG,FLAG
720,1199,480,GTCAACATTGTGCCTGGATTTGG,CATCTCCAAACACAGTGGGCTGG,CCAGGCACAAT,11,CAAACACAGTG,11,ATGCCATCCTGCACATCTCCAAACACAGTG,30,CCAGGCACAATGTTGACCACACCAGGGGGA,30,6.0106192306782305,1.7636862620076181,4.96293830871582,1.2111009359359741,44.301658630371094,40.46572494506836,0.8803728637905012,0.8833133982171169,99.94813035824872,99.14184833688088,"0,0,0,0,3","0,0,0,0,4",OK,OK,OK,OK,OK,OK,FLAG,FLAG
795,1263,469,TTCACAGGCTCCACTGAGATTGG,AACTTCAGGATCTGCATCACTGG,TCAGTGGAGCC,11,AGGATCTGCAT,11,CTCTATGGTCTTGAACTTCAGGATCTGCAT,30,TCAGTGGAGCCTGTGAATGCCACTTTGTCC,30,2.8672938368922587,1.8842816206227087,10.215909957885742,0.2806694507598877,49.498512268066406,48.467132568359375,0.8842816206227087,1.0,99.13305418949552,100.0,"0,0,0,0,3","0,0,0,0,0",OK,OK,OK,OK,FLAG,OK,FLAG,FLAG
780,1199,420,GTGGACAAAGTGGCATTCACAGG,CATCTCCAAACACAGTGGGCTGG,AATGCCACTTT,11,CAAACACAGTG,11,ATGCCATCCTGCACATCTCCAAACACAGTG,30,AATGCCACTTTGTCCACATCCTCATGGGAG,30,1.622906639181565,1.7062092721508435,-1.2529850006103516,-1.2952322959899902,7.130579471588135,40.46572494506836,0.8228958739337265,0.8833133982171169,98.2979793108343,99.14184833688088,"0,0,0,1,3","0,0,0,0,4",OK,OK,OK,OK,OK,OK,FLAG,FLAG
780,1263,484,GTGGACAAAGTGGCATTCACAGG,AACTTCAGGATCTGCATCACTGG,AATGCCACTTT,11,AGGATCTGCAT,11,CTCTATGGTCTTGAACTTCAGGATCTGCAT,30,AATGCCACTTTGTCCACATCCTCATGGGAG,30,1.421131568862961,1.8228958739337267,-0.7653021812438965,-1.85695481300354,7.130579471588135,48.467132568359375,0.8228958739337265,1.0,98.2979793108343,100.0,"0,0,0,1,3","0,0,0,0,0",OK,OK,OK,OK,OK,OK,FLAG,FLAG
720,1263,544,GTCAACATTGTGCCTGGATTTGG,AACTTCAGGATCTGCATCACTGG,CCAGGCACAAT,11,AGGATCTGCAT,11,CTCTATGGTCTTGAACTTCAGGATCTGCAT,30,CCAGGCACAATGTTGACCACACCAGGGGGA,30,1.0231705597603309,1.8803728637905013,4.318050861358643,0.23695194721221924,44.301658630371094,48.467132568359375,0.8803728637905012,1.0,99.94813035824872,100.0,"0,0,0,0,3","0,0,0,0,0",OK,OK,OK,OK,OK,OK,FLAG,FLAG
780,1291,512,GTGGACAAAGTGGCATTCACAGG,TCTCCCAACAACCTCCTCTATGG,AATGCCACTTT,11,AACAACCTCCT,11,TGGAATTGTTGGCTCTCCCAACAACCTCCT,30,AATGCCACTTTGTCCACATCCTCATGGGAG,30,0.6453112045824128,1.6382435958121566,0.29047155380249023,2.2215986251831055,7.130579471588135,41.85260009765625,0.8228958739337265,0.8153477218784302,98.2979793108343,99.93427764054942,"0,0,0,1,3","0,0,0,0,1",FLAG,OK,OK,OK,OK,OK,FLAG,FLAG
714,1204,491,GGTGTGGTCAACATTGTGCCTGG,CTGCACATCTCCAAACACAGTGG,ACAATGTTGAC,11,ATCTCCAAACA,11,TGGTCATGCCATCCTGCACATCTCCAAACA,30,ACAATGTTGACCACACCAGGGGGAAAGCCA,30,0.27415417026116984,1.767577425209371,0.0767519474029541,3.571950674057007,46.64624786376953,65.25373840332031,0.931444539803601,0.8361328854057701,99.1989758669244,98.90756832500858,"0,0,0,1,4","0,0,0,0,2",OK,OK,OK,OK,OK,OK,FLAG,FLAG
780,1204,425,GTGGACAAAGTGGCATTCACAGG,CTGCACATCTCCAAACACAGTGG,AATGCCACTTT,11,ATCTCCAAACA,11,TGGTCATGCCATCCTGCACATCTCCAAACA,30,AATGCCACTTTGTCCACATCCTCATGGGAG,30,0.12833059027008176,1.6590287593394968,-0.16659295558929443,-0.7703242301940918,7.130579471588135,65.25373840332031,0.8228958739337265,0.8361328854057701,98.2979793108343,98.90756832500858,"0,0,0,1,3","0,0,0,0,2",FLAG,OK,OK,OK,OK,OK,FLAG,FLAG
714,1115,402,GGTGTGGTCAACATTGTGCCTGG,TCCCCGTGTTGATGTAGCCGAGG,ACAATGTTGAC,11,TGTTGATGTAG,11,GCCCCCTCTTGCTTCCCCGTGTTGATGTAG,30,ACAATGTTGACCACACCAGGGGGAAAGCCA,30,0.11786196211528477,1.9314445398036009,-2.3870749473571777,-0.049375057220458984,46.64624786376953,57.492919921875,0.931444539803601,1.0,99.1989758669244,100.0,"0,0,0,1,4","0,0,0,0,0",OK,OK,OK,OK,OK,OK,FLAG,FLAG
714,1263,550,GGTGTGGTCAACATTGTGCCTGG,AACTTCAGGATCTGCATCACTGG,ACAATGTTGAC,11,AGGATCTGCAT,11,CTCTATGGTCTTGAACTTCAGGATCTGCAT,30,ACAATGTTGACCACACCAGGGGGAAAGCCA,30,-0.4633688482343814,1.9314445398036009,-0.38661909103393555,1.1985151767730713,46.64624786376953,48.467132568359375,0.931444539803601,1.0,99.1989758669244,100.0,"0,0,0,1,4","0,0,0,0,0",OK,OK,OK,OK,OK,OK,FLAG,FLAG
714,1199,486,GGTGTGGTCAACATTGTGCCTGG,CATCTCCAAACACAGTGGGCTGG,ACAATGTTGAC,11,CAAACACAGTG,11,ATGCCATCCTGCACATCTCCAAACACAGTG,30,ACAATGTTGACCACACCAGGGGGAAAGCCA,30,-1.1632252520443842,1.8147579380207177,-1.1820170879364014,0.9841018915176392,46.64624786376953,40.46572494506836,0.931444539803601,0.8833133982171169,99.1989758669244,99.14184833688088,"0,0,0,1,4","0,0,0,0,4",OK,OK,OK,OK,OK,OK,FLAG,FLAG
720,1115,396,GTCAACATTGTGCCTGGATTTGG,TCCCCGTGTTGATGTAGCCGAGG,CCAGGCACAAT,11,TGTTGATGTAG,11,GCCCCCTCTTGCTTCCCCGTGTTGATGTAG,30,CCAGGCACAATGTTGACCACACCAGGGGGA,30,-3.1432779579390058,1.8803728637905013,2.824079751968384,-1.1130273342132568,44.301658630371094,57.492919921875,0.8803728637905012,1.0,99.94813035824872,100.0,"0,0,0,0,3","0,0,0,0,0",OK,OK,OK,OK,OK,OK,FLAG,FLAG
714,1203,490,GGTGTGGTCAACATTGTGCCTGG,TGCACATCTCCAAACACAGTGGG,ACAATGTTGAC,11,TCTCCAAACAC,11,GGTCATGCCATCCTGCACATCTCCAAACAC,30,ACAATGTTGACCACACCAGGGGGAAAGCCA,30,-5.052978074321345,1.8712261408728055,-0.5720124244689941,8.833685874938965,46.64624786376953,64.73689270019531,0.931444539803601,0.9397816010692046,99.1989758669244,99.576978868268,"0,0,0,1,4","0,0,0,0,2",OK,OK,OK,OK,OK,OK,FLAG,FLAG
780,1237,458,GTGGACAAAGTGGCATTCACAGG,GAAGATCTCCTCCTTGGCGATGG,AATGCCACTTT,11,CTCCTCCTTGG,11,GCATCACTGGCCCGAAGATCTCCTCCTTGG,30,AATGCCACTTTGTCCACATCCTCATGGGAG,30,-5.5263399871859065,1.8021802430586156,-1.3901734352111816,3.975288152694702,7.130579471588135,40.069679260253906,0.8228958739337265,0.979284369124889,98.2979793108343,99.8242895320454,"0,0,0,1,3","0,0,0,1,0",OK,OK,OK,OK,OK,FLAG,FLAG,FLAG
780,1203,424,GTGGACAAAGTGGCATTCACAGG,TGCACATCTCCAAACACAGTGGG,AATGCCACTTT,11,TCTCCAAACAC,11,GGTCATGCCATCCTGCACATCTCCAAACAC,30,AATGCCACTTTGTCCACATCCTCATGGGAG,30,-6.6683886950553415,1.7626774750029313,-1.1853001117706299,5.6259074211120605,7.130579471588135,64.73689270019531,0.8228958739337265,0.9397816010692046,98.2979793108343,99.576978868268,"0,0,0,1,3","0,0,0,0,2",OK,OK,OK,OK,OK,OK,FLAG,FLAG
714,1237,524,GGTGTGGTCAACATTGTGCCTGG,GAAGATCTCCTCCTTGGCGATGG,ACAATGTTGAC,11,CTCCTCCTTGG,11,GCATCACTGGCCCGAAGATCTCCTCCTTGG,30,ACAATGTTGACCACACCAGGGGGAAAGCCA,30,-8.014270187996772,1.91072890892849,-1.1110363006591797,7.213328838348389,46.64624786376953,40.069679260253906,0.931444539803601,0.979284369124889,99.1989758669244,99.8242895320454,"0,0,0,1,4","0,0,0,1,0",OK,OK,OK,OK,OK,FLAG,FLAG,FLAG
755,1199,445,GGCCGCCATTGCCTCCCATGAGG,CATCTCCAAACACAGTGGGCTGG,GGGAGGCAATG,11,CAAACACAGTG,11,ATGCCATCCTGCACATCTCCAAACACAGTG,30,GGGAGGCAATGGCGGCCCCAGCCGTGGGGC,30,-10.396834914715328,1.8333563213216526,9.446664810180664,-1.1005825996398926,65.81204223632812,40.46572494506836,0.9500429231045356,0.8833133982171169,99.94453552327305,99.14184833688088,"0,0,0,0,2","0,0,0,0,4",OK,OK,OK,OK,FLAG,OK,FLAG,FLAG
755,1115,361,GGCCGCCATTGCCTCCCATGAGG,TCCCCGTGTTGATGTAGCCGAGG,GGGAGGCAATG,11,TGTTGATGTAG,11,GCCCCCTCTTGCTTCCCCGTGTTGATGTAG,30,GGGAGGCAATGGCGGCCCCAGCCGTGGGGC,30,-13.861510667506082,1.9500429231045358,6.764522075653076,-2.0491485595703125,65.81204223632812,57.492919921875,0.9500429231045356,1.0,99.94453552327305,100.0,"0,0,0,0,2","0,0,0,0,0",OK,OK,OK,OK,FLAG,OK,FLAG,FLAG
755,1263,509,GGCCGCCATTGCCTCCCATGAGG,AACTTCAGGATCTGCATCACTGG,GGGAGGCAATG,11,AGGATCTGCAT,11,CTCTATGGTCTTGAACTTCAGGATCTGCAT,30,GGGAGGCAATGGCGGCCCCAGCCGTGGGGC,30,-17.12387743027648,1.9500429231045358,9.47357177734375,-1.807541847229004,65.81204223632812,48.467132568359375,0.9500429231045356,1.0,99.94453552327305,100.0,"0,0,0,0,2","0,0,0,0,0",OK,OK,OK,OK,FLAG,OK,FLAG,FLAG
